P-value	adjustedp
TFRC	0.895921683574133	0.895921683574133
SDHA	1.1317779697199e-21	3.39533390915971e-21
TBP	5.09321252142735e-13	1.01864250428547e-12
ACTB	0	0
PPIA	0	0
HPRT1	2.14949432158329e-32	8.59797728633316e-32
YWHAZ	1.52938934327761e-164	7.64694671638804e-164
GAPDH	3.38947145030862e-297	2.03368287018517e-296
B2M	0	0
