P-value	adjustedp
TFRC	0.957191041943133	0.957191041943133
SDHA	2.34400556052726e-31	7.03201668158178e-31
TBP	1.83677168250124e-27	3.67354336500248e-27
ACTB	8.88924036140396e-141	5.33354421684237e-140
PPIA	2.78181081213823e-250	2.22544864971058e-249
HPRT1	1.21994287501993e-58	4.87977150007974e-58
YWHAZ	1.36498874060616e-112	6.82494370303081e-112
GAPDH	2.79352357303059e-188	1.95546650112142e-187
B2M	9.01303461367185e-304	8.11173115230467e-303
