P-value	adjustedp
Actb	1.12359471072142e-06	5.61797355360708e-06
B2m	0.156549121360617	0.156549121360617
Gapdh	4.97991962068491e-22	4.48192765861642e-21
Hprt	6.47749195718215e-09	4.5342443700275e-08
Ppia	0.0581203101104189	0.116240620220838
Sdha	4.58386966149507e-08	2.75032179689704e-07
Tbp	0.00880448337596946	0.0264134501279084
Tfrc	0.000427395256773623	0.00170958102709449
Ywhaz	2.51494862335682e-12	2.01195889868545e-11
