P-value	adjustedp
Actb	7.8730954038126e-12	5.51116678266882e-11
B2m	0.000107964812814156	0.000107964812814156
Gapdh	2.05041767318889e-14	1.84537590587e-13
Hprt	1.74837307366481e-12	1.39869845893185e-11
Ppia	2.22805808107976e-09	8.91223232431906e-09
Sdha	9.34878775466069e-10	4.67439387733034e-09
Tbp	7.29172380033935e-05	0.000107964812814156
Tfrc	9.07399167642199e-06	2.7221975029266e-05
Ywhaz	4.89943504255838e-11	2.93966102553503e-10
