P-value	adjustedp
Actb	0.285447712260419	0.285447712260419
B2m	1.29268329932951e-06	3.87804989798853e-06
Gapdh	3.4490783482918e-27	2.41435484380426e-26
Hprt	1.03832546804978e-51	9.344929212448e-51
Ppia	4.94562974121493e-29	3.95650379297195e-28
Sdha	0.00109460458752871	0.00218920917505742
Tbp	1.2022469436491e-10	6.0112347182455e-10
Tfrc	1.66846724520823e-07	6.67386898083292e-07
Ywhaz	5.14733719561342e-13	3.08840231736805e-12
