P-value	adjustedp
Actb	1.63527317209324e-06	1.63527317209324e-06
B2m	5.20602382845768e-14	1.04120476569154e-13
Gapdh	1.27823893760912e-38	7.66943362565471e-38
Hprt	6.01447670416015e-43	5.41302903374414e-42
Ppia	5.19851644061152e-39	3.63896150842807e-38
Sdha	3.8314001290665e-17	1.5325600516266e-16
Tbp	2.37093990053565e-18	1.18546995026783e-17
Tfrc	1.96471889768235e-14	5.89415669304705e-14
Ywhaz	7.62322968013412e-42	6.09858374410729e-41
