P-value	adjustedp
B2m	2.36287872128453e-136	1.89030297702762e-135
Hprt	5.50642680572375e-46	2.2025707222895e-45
Actb	3.84582962966616e-96	1.92291481483308e-95
Gapdh	4.7776802790681e-127	2.86660816744086e-126
Ppia	4.69396698162278e-202	4.2245702834605e-201
Sdha	1.44112732272882e-28	4.32338196818647e-28
Ywhaz	1.55848404384776e-134	1.09093883069343e-133
Tfrc	0.0320542651356959	0.0320542651356959
Tbp	1.12512856081699e-07	2.25025712163397e-07
