P-value	adjustedp
B2m	7.5634768989812e-128	5.29443382928684e-127
Hprt	2.56734310532002e-98	1.02693724212801e-97
Actb	2.40133725537189e-101	1.20066862768595e-100
Gapdh	2.16191610089597e-114	1.29714966053758e-113
Ppia	8.82219484228576e-269	7.93997535805718e-268
Sdha	3.3270984597501e-43	9.98129537925029e-43
Ywhaz	6.65596767228233e-154	5.32477413782586e-153
Tfrc	0.460575477982971	0.460575477982971
Tbp	3.39109975110048e-13	6.78219950220096e-13
